,0,1,2,3,4,5,6,7,8,9,10,11,12,13,14,15,16,17,18,19
0,0.05,0.05,0.05,0.05,0.05,0.05,0.05,0.05,0.05,0.05,0.05,0.05,0.05,0.05,0.05,0.05,0.05,0.05,0.05,0.05
1,0.049999999999999996,0.04999999999999999,0.04999999999999999,0.04999999999999999,0.05,0.05,0.04999999999999999,0.04999999999999999,0.04999999999999999,0.049999999999999996,0.04999999999999999,0.04999999999999999,0.04999999999999999,0.04999999999999999,0.04999999999999999,0.049999999999999996,0.04999999999999999,0.04999999999999999,0.05,0.04999999999999999
2,0.05,0.05,0.05,0.05,0.05,0.05,0.05,0.05,0.05,0.05,0.05,0.05,0.05,0.05,0.05,0.05,0.049999999999999996,0.049999999999999996,0.049999999999999996,0.049999999999999996
3,0.05,0.05,0.05,0.05,0.05,0.05,0.05,0.05,0.05,0.05,0.05,0.05,0.05,0.05,0.05,0.05,0.049999999999999996,0.049999999999999996,0.049999999999999996,0.049999999999999996
4,0.05,0.05,0.05,0.05,0.05,0.05,0.05,0.05,0.05,0.05,0.05,0.05,0.05,0.05,0.05,0.05000000000000001,0.05000000000000001,0.05000000000000001,0.05000000000000001,0.05000000000000001
5,0.05,0.05,0.05,0.05,0.05,0.05,0.05,0.05,0.05,0.05,0.05,0.05,0.05,0.05,0.05,0.05,0.05,0.05,0.05,0.05
6,0.05,0.05,0.05,0.05,0.05,0.05,0.05,0.05,0.05,0.05,0.05,0.05,0.05,0.05,0.05,0.05,0.049999999999999996,0.049999999999999996,0.049999999999999996,0.049999999999999996
7,0.05000000000000001,0.05000000000000001,0.05000000000000001,0.05000000000000001,0.05000000000000001,0.05000000000000001,0.05000000000000001,0.05000000000000001,0.05000000000000001,0.05,0.05000000000000001,0.05000000000000001,0.05000000000000001,0.05000000000000001,0.05000000000000001,0.05000000000000001,0.04999999999999998,0.04999999999999998,0.04999999999999998,0.04999999999999998
8,0.04999999999999999,0.04999999999999999,0.04999999999999999,0.04999999999999999,0.04999999999999999,0.04999999999999999,0.04999999999999999,0.04999999999999999,0.04999999999999999,0.04999999999999999,0.04999999999999999,0.04999999999999999,0.04999999999999999,0.04999999999999999,0.04999999999999999,0.04999999999999999,0.04999999999999999,0.04999999999999999,0.04999999999999999,0.04999999999999999
9,0.05,0.05,0.05,0.05,0.05,0.05,0.05,0.05,0.05,0.05,0.05,0.05,0.05,0.05,0.05,0.049999999999999996,0.049999999999999996,0.049999999999999996,0.049999999999999996,0.049999999999999996
10,0.04999999999999999,0.04999999999999999,0.04999999999999999,0.04999999999999999,0.04999999999999999,0.04999999999999999,0.04999999999999999,0.04999999999999999,0.04999999999999999,0.04999999999999999,0.04999999999999999,0.04999999999999999,0.04999999999999999,0.04999999999999999,0.04999999999999999,0.04999999999999999,0.04999999999999999,0.049999999999999996,0.049999999999999996,0.049999999999999996
11,0.04999999999999999,0.04999999999999999,0.04999999999999999,0.04999999999999998,0.04999999999999998,0.04999999999999999,0.04999999999999999,0.04999999999999998,0.04999999999999999,0.04999999999999999,0.04999999999999999,0.04999999999999999,0.04999999999999998,0.04999999999999999,0.04999999999999999,0.04999999999999999,0.04999999999999999,0.04999999999999999,0.04999999999999999,0.049999999999999926
12,0.05000000000000001,0.05000000000000001,0.05000000000000001,0.05000000000000001,0.05000000000000001,0.05000000000000001,0.05000000000000001,0.05000000000000001,0.05000000000000001,0.05000000000000001,0.05000000000000001,0.05000000000000001,0.05000000000000001,0.05000000000000001,0.05000000000000001,0.05000000000000001,0.05000000000000001,0.049999999999999975,0.049999999999999975,0.049999999999999975
13,0.05,0.05,0.05,0.05,0.05,0.05,0.05,0.05,0.05,0.05,0.05,0.05,0.05,0.05,0.05,0.05,0.05,0.05,0.05,0.05
14,0.04999999999999999,0.04999999999999999,0.04999999999999999,0.04999999999999999,0.04999999999999999,0.04999999999999999,0.04999999999999999,0.04999999999999999,0.04999999999999999,0.04999999999999999,0.04999999999999999,0.04999999999999999,0.04999999999999999,0.04999999999999999,0.04999999999999999,0.04999999999999999,0.04999999999999999,0.04999999999999999,0.05000000000000002,0.05000000000000002
15,0.05000000000000001,0.05000000000000001,0.05000000000000001,0.05000000000000001,0.05000000000000001,0.05000000000000001,0.05000000000000001,0.05,0.05000000000000001,0.05000000000000001,0.05000000000000001,0.05000000000000001,0.05000000000000001,0.05000000000000001,0.05000000000000001,0.05,0.04999999999999998,0.04999999999999998,0.04999999999999998,0.04999999999999998
16,0.05000000000000001,0.05,0.05,0.05000000000000001,0.05000000000000001,0.05000000000000001,0.05000000000000001,0.05000000000000001,0.05000000000000001,0.05000000000000001,0.05000000000000001,0.05000000000000001,0.05000000000000001,0.05000000000000001,0.05,0.05000000000000001,0.05,0.049999999999999975,0.049999999999999975,0.049999999999999975
17,0.04999999999999999,0.04999999999999999,0.04999999999999999,0.04999999999999999,0.04999999999999999,0.04999999999999999,0.04999999999999999,0.04999999999999999,0.04999999999999999,0.04999999999999999,0.04999999999999999,0.04999999999999999,0.04999999999999999,0.04999999999999999,0.04999999999999999,0.04999999999999999,0.04999999999999999,0.04999999999999999,0.04999999999999999,0.04999999999999999
18,0.05000000000000002,0.05000000000000002,0.05000000000000002,0.05000000000000002,0.05000000000000002,0.05000000000000002,0.05000000000000002,0.05000000000000002,0.05000000000000002,0.05000000000000002,0.05000000000000002,0.05000000000000002,0.05000000000000002,0.05000000000000002,0.049999999999999996,0.049999999999999996,0.049999999999999996,0.049999999999999996,0.049999999999999996,0.049999999999999996
19,0.04999999999999999,0.04999999999999999,0.04999999999999999,0.04999999999999999,0.04999999999999999,0.04999999999999999,0.04999999999999999,0.04999999999999999,0.04999999999999999,0.04999999999999999,0.04999999999999999,0.04999999999999999,0.04999999999999999,0.04999999999999999,0.04999999999999999,0.04999999999999999,0.04999999999999999,0.04999999999999999,0.04999999999999999,0.04999999999999999
20,0.05,0.05,0.05,0.05,0.05,0.05,0.05,0.05,0.05,0.05,0.05,0.05,0.05,0.05,0.05,0.05,0.05,0.05,0.05,0.05
21,0.05000000000000001,0.05000000000000001,0.05000000000000001,0.05000000000000001,0.05000000000000001,0.05000000000000001,0.05000000000000001,0.05000000000000001,0.05000000000000001,0.05000000000000001,0.05000000000000001,0.05000000000000001,0.05000000000000001,0.05000000000000001,0.05000000000000001,0.05000000000000001,0.05000000000000001,0.04999999999999999,0.04999999999999999,0.04999999999999999
22,0.05,0.05,0.04999999999999999,0.05,0.05,0.049999999999999996,0.05,0.05,0.05,0.05,0.049999999999999996,0.05,0.049999999999999996,0.05,0.05,0.05,0.05,0.05,0.049999999999999926,0.049999999999999926
23,0.05,0.05,0.05,0.05,0.05,0.05,0.05,0.05,0.05,0.05,0.05,0.05,0.05,0.05,0.05,0.05,0.05000000000000001,0.05000000000000001,0.05000000000000001,0.05000000000000001
24,0.04999999999999999,0.049999999999999996,0.04999999999999999,0.04999999999999999,0.04999999999999999,0.04999999999999999,0.04999999999999999,0.04999999999999999,0.04999999999999999,0.04999999999999999,0.04999999999999999,0.04999999999999999,0.04999999999999999,0.04999999999999999,0.05000000000000001,0.05000000000000001,0.05000000000000001,0.05000000000000001,0.05000000000000001,0.05000000000000001
25,0.05,0.05,0.05,0.05,0.05,0.05,0.05,0.05,0.05,0.05,0.05,0.05,0.05,0.05,0.04999999999999999,0.04999999999999999,0.04999999999999999,0.04999999999999999,0.04999999999999999,0.04999999999999999
26,0.05,0.05,0.05,0.05,0.05,0.05,0.05,0.05,0.05,0.05,0.05,0.05,0.05,0.05,0.049999999999999996,0.049999999999999996,0.049999999999999996,0.049999999999999996,0.049999999999999996,0.049999999999999996
27,0.05,0.05,0.05,0.05,0.05,0.05,0.05,0.05,0.05,0.05,0.05,0.05,0.05,0.05,0.05,0.05,0.05,0.05,0.05,0.05
28,0.05000000000000002,0.05000000000000002,0.05000000000000002,0.05000000000000002,0.05000000000000002,0.05000000000000002,0.05000000000000002,0.05000000000000002,0.05000000000000002,0.05000000000000002,0.05000000000000002,0.05000000000000002,0.05000000000000002,0.05000000000000002,0.04999999999999999,0.04999999999999999,0.04999999999999999,0.04999999999999999,0.04999999999999999,0.04999999999999999
29,0.04999999999999999,0.04999999999999999,0.04999999999999999,0.04999999999999999,0.04999999999999999,0.04999999999999999,0.04999999999999999,0.04999999999999999,0.04999999999999999,0.04999999999999999,0.04999999999999999,0.04999999999999999,0.04999999999999998,0.04999999999999998,0.04999999999999998,0.04999999999999998,0.04999999999999998,0.04999999999999998,0.04999999999999998,0.04999999999999998
30,0.05,0.05,0.05,0.05,0.05,0.05,0.05,0.05,0.05,0.05,0.05,0.05,0.05,0.05,0.05,0.05,0.05,0.05,0.05,0.05
31,0.05,0.05,0.05,0.05,0.05,0.05,0.05,0.05,0.05,0.05,0.05,0.05,0.05,0.05,0.05,0.04999999999999999,0.04999999999999999,0.04999999999999999,0.04999999999999999,0.04999999999999999
32,0.04999999999999999,0.04999999999999999,0.04999999999999999,0.04999999999999999,0.04999999999999999,0.04999999999999999,0.04999999999999999,0.04999999999999999,0.04999999999999999,0.04999999999999999,0.04999999999999999,0.04999999999999999,0.04999999999999999,0.04999999999999999,0.05,0.05,0.05,0.05,0.05,0.05
33,0.05000000000000001,0.05000000000000001,0.05000000000000001,0.05000000000000001,0.05,0.05000000000000001,0.05,0.05,0.05,0.05000000000000001,0.05000000000000001,0.05000000000000001,0.05000000000000001,0.05000000000000001,0.05000000000000001,0.05000000000000001,0.05000000000000001,0.04999999999999995,0.04999999999999995,0.04999999999999995
34,0.05,0.05,0.05,0.05,0.05,0.05,0.05,0.05,0.05,0.05,0.05,0.05,0.05,0.05,0.05,0.05000000000000003,0.05000000000000003,0.05000000000000003,0.05000000000000003,0.05000000000000003
35,0.05000000000000002,0.05000000000000002,0.05000000000000002,0.05000000000000002,0.05000000000000002,0.05000000000000002,0.05000000000000002,0.05000000000000002,0.05000000000000002,0.05000000000000002,0.05000000000000002,0.05000000000000002,0.05000000000000002,0.05000000000000002,0.049999999999999996,0.049999999999999996,0.049999999999999996,0.049999999999999996,0.049999999999999996,0.049999999999999996
36,0.05000000000000002,0.05000000000000002,0.05000000000000002,0.05000000000000002,0.05000000000000002,0.05000000000000002,0.05000000000000002,0.05000000000000002,0.05000000000000002,0.05000000000000002,0.05000000000000002,0.05000000000000002,0.05000000000000002,0.05000000000000002,0.049999999999999996,0.049999999999999996,0.049999999999999996,0.049999999999999996,0.049999999999999996,0.049999999999999996
37,0.05000000000000002,0.05000000000000002,0.05000000000000002,0.05000000000000002,0.05000000000000002,0.05000000000000002,0.05000000000000002,0.05000000000000002,0.05000000000000002,0.05000000000000002,0.05000000000000002,0.05000000000000002,0.05000000000000002,0.05000000000000002,0.05000000000000002,0.04999999999999999,0.04999999999999999,0.04999999999999999,0.04999999999999999,0.04999999999999999
38,0.05,0.05,0.05,0.05,0.05,0.05,0.05,0.05,0.05,0.05,0.05,0.05,0.05,0.05,0.05,0.04999999999999999,0.04999999999999999,0.04999999999999999,0.04999999999999999,0.04999999999999999
39,0.05000000000000001,0.05000000000000001,0.05000000000000001,0.05000000000000001,0.05000000000000001,0.05000000000000001,0.05000000000000001,0.05000000000000001,0.05,0.05000000000000001,0.05000000000000001,0.05000000000000001,0.05000000000000001,0.05000000000000001,0.05000000000000001,0.04999999999999999,0.04999999999999999,0.04999999999999999,0.04999999999999999,0.04999999999999999
40,0.05,0.05,0.05,0.05,0.05,0.05,0.05,0.05,0.05,0.05,0.05,0.05,0.05,0.05,0.05,0.05,0.05000000000000002,0.05000000000000002,0.05000000000000002,0.05000000000000002
41,0.04999999999999999,0.04999999999999999,0.04999999999999999,0.04999999999999999,0.04999999999999999,0.04999999999999999,0.04999999999999999,0.04999999999999999,0.04999999999999999,0.04999999999999999,0.04999999999999999,0.04999999999999999,0.04999999999999999,0.04999999999999999,0.04999999999999999,0.04999999999999999,0.04999999999999999,0.04999999999999999,0.04999999999999999,0.04999999999999999
42,0.05000000000000001,0.05000000000000001,0.05000000000000001,0.05000000000000001,0.05,0.05000000000000001,0.05000000000000001,0.05000000000000001,0.05000000000000001,0.05000000000000001,0.05000000000000001,0.05,0.05000000000000001,0.05000000000000001,0.05000000000000001,0.05000000000000001,0.05,0.04999999999999996,0.04999999999999996,0.04999999999999996
43,0.05,0.05,0.05,0.05,0.05,0.05,0.05,0.05,0.05,0.05,0.05,0.05,0.05,0.05,0.05,0.05,0.05,0.05,0.05,0.05
44,0.05000000000000001,0.05000000000000001,0.05000000000000001,0.05,0.05000000000000001,0.05000000000000001,0.05000000000000001,0.05000000000000001,0.05,0.05000000000000001,0.05000000000000001,0.05000000000000001,0.05000000000000001,0.05000000000000001,0.05000000000000001,0.05000000000000001,0.049999999999999975,0.049999999999999975,0.049999999999999975,0.049999999999999975
45,0.05000000000000001,0.05000000000000001,0.05000000000000001,0.05000000000000001,0.05000000000000001,0.05000000000000001,0.05000000000000001,0.05000000000000001,0.05000000000000001,0.05000000000000001,0.05000000000000001,0.05000000000000001,0.05000000000000001,0.05000000000000001,0.05000000000000001,0.05000000000000001,0.05000000000000001,0.04999999999999999,0.04999999999999999,0.04999999999999999
46,0.05,0.05,0.05,0.05,0.05,0.05,0.05,0.05,0.05,0.05,0.05,0.05,0.05,0.05,0.05,0.05,0.05,0.05,0.05,0.05
47,0.05000000000000001,0.05000000000000001,0.05000000000000001,0.05000000000000001,0.05000000000000001,0.05000000000000001,0.05000000000000001,0.05,0.05000000000000001,0.05000000000000001,0.05000000000000001,0.05000000000000001,0.05000000000000001,0.05000000000000001,0.05000000000000001,0.05000000000000001,0.04999999999999998,0.04999999999999998,0.04999999999999998,0.04999999999999998
48,0.05000000000000002,0.05000000000000002,0.05000000000000002,0.05000000000000002,0.05000000000000002,0.05000000000000002,0.05000000000000001,0.05000000000000002,0.05000000000000002,0.05000000000000002,0.05000000000000002,0.05000000000000002,0.05000000000000002,0.05000000000000002,0.05000000000000002,0.04999999999999999,0.04999999999999999,0.04999999999999999,0.04999999999999999,0.04999999999999999
49,0.05,0.05,0.05,0.05,0.05,0.05,0.05,0.05,0.05,0.05,0.05,0.05,0.05,0.05,0.05,0.05,0.05,0.05,0.05,0.05
50,0.05,0.05,0.05,0.05,0.05,0.05,0.05,0.05,0.05,0.05,0.05,0.05,0.05,0.05,0.05,0.05000000000000002,0.05000000000000002,0.05000000000000002,0.05000000000000002,0.05000000000000002
51,0.04999999999999999,0.04999999999999999,0.04999999999999999,0.04999999999999999,0.04999999999999999,0.04999999999999999,0.04999999999999999,0.04999999999999999,0.04999999999999999,0.04999999999999999,0.04999999999999999,0.04999999999999999,0.04999999999999999,0.04999999999999999,0.04999999999999999,0.04999999999999999,0.04999999999999999,0.04999999999999999,0.04999999999999999,0.04999999999999999
52,0.05000000000000002,0.05000000000000002,0.05000000000000002,0.05000000000000002,0.05000000000000002,0.05000000000000002,0.05000000000000002,0.05000000000000002,0.05000000000000002,0.05000000000000002,0.05000000000000002,0.049999999999999996,0.049999999999999996,0.049999999999999996,0.049999999999999996,0.049999999999999996,0.049999999999999996,0.049999999999999996,0.049999999999999996,0.049999999999999996
53,0.04999999999999999,0.04999999999999999,0.04999999999999999,0.04999999999999999,0.04999999999999999,0.04999999999999999,0.04999999999999999,0.04999999999999999,0.04999999999999999,0.04999999999999999,0.04999999999999999,0.04999999999999999,0.04999999999999999,0.049999999999999996,0.049999999999999996,0.049999999999999996,0.049999999999999996,0.049999999999999996,0.049999999999999996,0.049999999999999996
54,0.04999999999999999,0.04999999999999999,0.04999999999999999,0.04999999999999999,0.04999999999999999,0.04999999999999999,0.04999999999999999,0.04999999999999999,0.04999999999999999,0.04999999999999998,0.04999999999999998,0.04999999999999998,0.04999999999999998,0.04999999999999998,0.04999999999999998,0.04999999999999998,0.04999999999999998,0.04999999999999998,0.04999999999999998,0.04999999999999998
55,0.04999999999999999,0.04999999999999999,0.04999999999999999,0.04999999999999999,0.04999999999999999,0.04999999999999999,0.04999999999999999,0.04999999999999999,0.04999999999999999,0.04999999999999999,0.04999999999999999,0.04999999999999999,0.04999999999999998,0.04999999999999998,0.04999999999999998,0.04999999999999998,0.04999999999999998,0.04999999999999998,0.04999999999999998,0.04999999999999998
56,0.05,0.05,0.05,0.05,0.05,0.05,0.05,0.05,0.05,0.05,0.05,0.05,0.05,0.05,0.05,0.05000000000000002,0.05000000000000002,0.05000000000000002,0.05000000000000002,0.05000000000000002
57,0.05000000000000001,0.05000000000000001,0.05000000000000001,0.05000000000000001,0.05000000000000001,0.05000000000000001,0.05000000000000001,0.05000000000000001,0.05000000000000001,0.05000000000000001,0.05000000000000001,0.05000000000000001,0.05000000000000001,0.05000000000000001,0.05000000000000001,0.05000000000000001,0.05000000000000001,0.049999999999999975,0.049999999999999975,0.049999999999999975
58,0.04999999999999999,0.04999999999999999,0.04999999999999999,0.04999999999999999,0.04999999999999999,0.04999999999999999,0.04999999999999999,0.04999999999999999,0.04999999999999999,0.04999999999999999,0.04999999999999999,0.04999999999999999,0.04999999999999999,0.04999999999999999,0.04999999999999999,0.04999999999999999,0.04999999999999999,0.04999999999999999,0.04999999999999999,0.04999999999999999
59,0.05,0.05,0.05,0.05,0.05,0.05,0.05,0.05,0.05,0.05,0.05,0.05,0.05,0.05,0.05,0.04999999999999999,0.04999999999999999,0.04999999999999999,0.04999999999999999,0.04999999999999999
60,0.05,0.05,0.05,0.05,0.05,0.05,0.05,0.05,0.05,0.05,0.05,0.05,0.05,0.05,0.05,0.05,0.05,0.05,0.05,0.05
61,0.05000000000000002,0.05000000000000002,0.05000000000000002,0.05000000000000002,0.05000000000000002,0.05000000000000002,0.05000000000000002,0.05000000000000002,0.05000000000000002,0.05000000000000002,0.05000000000000002,0.05000000000000002,0.05000000000000002,0.05000000000000002,0.04999999999999998,0.04999999999999998,0.04999999999999998,0.04999999999999998,0.04999999999999998,0.04999999999999998
62,0.05,0.05,0.05,0.05,0.05,0.05,0.05,0.05,0.05,0.05,0.05,0.05,0.05,0.05,0.05,0.05000000000000002,0.05000000000000002,0.05000000000000002,0.05000000000000002,0.05000000000000002
63,0.05,0.05,0.05,0.05,0.05,0.05,0.05,0.05,0.05,0.05,0.05,0.05000000000000001,0.05,0.05,0.05,0.05,0.05000000000000003,0.05000000000000003,0.05000000000000003,0.05000000000000003
64,0.05000000000000001,0.05000000000000001,0.05000000000000001,0.05000000000000001,0.05000000000000001,0.05000000000000001,0.05000000000000001,0.05000000000000001,0.05000000000000001,0.05000000000000001,0.05000000000000001,0.05000000000000001,0.05000000000000001,0.05000000000000001,0.05000000000000001,0.05000000000000001,0.04999999999999998,0.04999999999999998,0.04999999999999998,0.04999999999999998
65,0.05000000000000001,0.05000000000000001,0.05000000000000001,0.05,0.05000000000000001,0.05000000000000001,0.05000000000000001,0.05000000000000001,0.05000000000000001,0.05000000000000001,0.05000000000000001,0.05000000000000001,0.05000000000000001,0.05000000000000001,0.05000000000000001,0.05000000000000001,0.04999999999999996,0.04999999999999996,0.04999999999999996,0.04999999999999996
66,0.04999999999999999,0.04999999999999999,0.04999999999999999,0.04999999999999999,0.04999999999999999,0.04999999999999999,0.04999999999999999,0.04999999999999999,0.04999999999999999,0.04999999999999999,0.04999999999999999,0.049999999999999975,0.049999999999999975,0.049999999999999975,0.049999999999999975,0.049999999999999975,0.049999999999999975,0.049999999999999975,0.049999999999999975,0.049999999999999975
67,0.05,0.05,0.05,0.05,0.05,0.05,0.05,0.05,0.05,0.05,0.05,0.05,0.05,0.05,0.05,0.05,0.04999999999999998,0.04999999999999998,0.04999999999999998,0.04999999999999998
68,0.04999999999999999,0.04999999999999999,0.04999999999999999,0.04999999999999999,0.04999999999999999,0.04999999999999999,0.04999999999999999,0.04999999999999999,0.04999999999999999,0.04999999999999999,0.04999999999999999,0.04999999999999999,0.04999999999999999,0.04999999999999999,0.04999999999999999,0.04999999999999999,0.04999999999999999,0.05,0.05,0.05
69,0.05,0.05,0.05,0.05,0.05,0.05,0.05,0.05,0.05,0.05,0.05,0.05,0.05,0.05,0.05,0.04999999999999999,0.04999999999999999,0.04999999999999999,0.04999999999999999,0.04999999999999999
70,0.05,0.05,0.05,0.05,0.05,0.05,0.05,0.05,0.05,0.05,0.05,0.05,0.05,0.05,0.05,0.05,0.05,0.05,0.05,0.05
71,0.04999999999999999,0.04999999999999999,0.04999999999999999,0.04999999999999999,0.04999999999999999,0.04999999999999999,0.04999999999999999,0.04999999999999999,0.04999999999999999,0.04999999999999999,0.04999999999999999,0.04999999999999999,0.04999999999999999,0.04999999999999999,0.04999999999999999,0.04999999999999999,0.04999999999999999,0.04999999999999999,0.04999999999999999,0.04999999999999999
72,0.04999999999999999,0.04999999999999999,0.04999999999999999,0.04999999999999999,0.04999999999999999,0.04999999999999999,0.04999999999999999,0.04999999999999999,0.04999999999999999,0.04999999999999999,0.04999999999999999,0.04999999999999999,0.04999999999999999,0.04999999999999999,0.04999999999999999,0.04999999999999999,0.04999999999999999,0.049999999999999996,0.049999999999999996,0.049999999999999996
73,0.05000000000000001,0.05000000000000001,0.05000000000000001,0.05000000000000001,0.05000000000000001,0.05000000000000001,0.05000000000000001,0.05000000000000001,0.05000000000000001,0.05000000000000001,0.05000000000000001,0.05000000000000001,0.05000000000000001,0.05000000000000001,0.05000000000000001,0.05000000000000001,0.05000000000000001,0.04999999999999998,0.04999999999999998,0.04999999999999998
74,0.05,0.05,0.05,0.05,0.05,0.05,0.05,0.05,0.05,0.05,0.05,0.049999999999999996,0.05,0.05,0.05,0.05,0.04999999999999999,0.05,0.04999999999999995,0.04999999999999995
75,0.04999999999999999,0.04999999999999999,0.04999999999999999,0.04999999999999999,0.04999999999999999,0.04999999999999999,0.04999999999999999,0.04999999999999999,0.04999999999999999,0.04999999999999999,0.04999999999999999,0.04999999999999999,0.05,0.05,0.05,0.05,0.05,0.05,0.05,0.05
76,0.04999999999999999,0.04999999999999999,0.04999999999999999,0.04999999999999999,0.04999999999999999,0.04999999999999999,0.04999999999999999,0.04999999999999999,0.04999999999999999,0.04999999999999999,0.04999999999999999,0.04999999999999999,0.04999999999999999,0.049999999999999996,0.04999999999999999,0.050000000000000024,0.050000000000000024,0.050000000000000024,0.050000000000000024,0.050000000000000024
77,0.05000000000000002,0.05000000000000002,0.05000000000000002,0.05000000000000002,0.05000000000000002,0.05000000000000002,0.05000000000000002,0.05000000000000002,0.05000000000000002,0.05000000000000002,0.05000000000000002,0.05000000000000001,0.05000000000000002,0.05000000000000002,0.05000000000000002,0.04999999999999999,0.04999999999999999,0.04999999999999999,0.04999999999999999,0.04999999999999999
78,0.05000000000000002,0.05000000000000002,0.05000000000000002,0.05000000000000002,0.05000000000000002,0.05000000000000002,0.05000000000000002,0.05000000000000002,0.05000000000000002,0.05000000000000002,0.05000000000000002,0.05000000000000002,0.05000000000000002,0.05000000000000001,0.05000000000000002,0.04999999999999997,0.04999999999999997,0.04999999999999997,0.04999999999999997,0.04999999999999997
79,0.04999999999999999,0.04999999999999999,0.04999999999999999,0.04999999999999999,0.04999999999999999,0.04999999999999999,0.04999999999999999,0.04999999999999999,0.04999999999999999,0.04999999999999999,0.04999999999999999,0.04999999999999999,0.04999999999999998,0.04999999999999998,0.04999999999999998,0.04999999999999998,0.04999999999999998,0.04999999999999998,0.04999999999999998,0.04999999999999998
80,0.04999999999999999,0.04999999999999999,0.04999999999999999,0.04999999999999999,0.04999999999999999,0.04999999999999999,0.04999999999999999,0.04999999999999999,0.04999999999999999,0.04999999999999999,0.04999999999999999,0.04999999999999999,0.04999999999999999,0.04999999999999998,0.04999999999999998,0.04999999999999998,0.04999999999999998,0.04999999999999998,0.04999999999999998,0.04999999999999998
81,0.05,0.05,0.05,0.05,0.05,0.05,0.05,0.05000000000000001,0.05,0.05,0.05,0.05,0.05,0.05,0.05,0.05,0.05000000000000003,0.05000000000000003,0.05000000000000003,0.05000000000000003
82,0.05,0.05,0.05,0.05,0.05,0.05,0.05,0.05,0.05,0.05,0.05,0.05,0.05,0.05,0.05,0.05,0.05,0.05,0.05,0.05
83,0.05,0.05,0.05,0.05,0.05,0.05,0.05,0.05,0.05,0.05,0.05,0.05,0.05,0.05,0.05,0.04999999999999999,0.04999999999999999,0.04999999999999999,0.04999999999999999,0.04999999999999999
84,0.05,0.05,0.05,0.05,0.05,0.05,0.05,0.05,0.05,0.05,0.05,0.05,0.05,0.05,0.05,0.05,0.05,0.05,0.05,0.05
85,0.05,0.05,0.05,0.05,0.05,0.05,0.05,0.05,0.05,0.05,0.05,0.05,0.05,0.05,0.05,0.05,0.05,0.05,0.05,0.05
86,0.05,0.05,0.05,0.05,0.05,0.05,0.05,0.05,0.05,0.05,0.05,0.05,0.05,0.05,0.05,0.05,0.049999999999999996,0.049999999999999996,0.049999999999999996,0.049999999999999996
87,0.05,0.05,0.05,0.05,0.05,0.05,0.05,0.05,0.05,0.05,0.05,0.05,0.05,0.05,0.05,0.05,0.049999999999999996,0.049999999999999996,0.049999999999999996,0.049999999999999996
88,0.05000000000000002,0.05000000000000002,0.05000000000000002,0.05000000000000002,0.05000000000000002,0.05000000000000002,0.05000000000000002,0.05000000000000001,0.05000000000000002,0.05000000000000001,0.05000000000000002,0.05000000000000002,0.05000000000000002,0.05000000000000002,0.05000000000000002,0.049999999999999975,0.049999999999999975,0.049999999999999975,0.049999999999999975,0.049999999999999975
89,0.05,0.05,0.05,0.05,0.05,0.05,0.05,0.05,0.05,0.05,0.05,0.05,0.05,0.05,0.049999999999999996,0.049999999999999996,0.049999999999999996,0.049999999999999996,0.049999999999999996,0.049999999999999996
90,0.05,0.05,0.05,0.05,0.05,0.05,0.05,0.05,0.05,0.05,0.05,0.05,0.05,0.05,0.05,0.05,0.05,0.05,0.05,0.05
91,0.05,0.05,0.05,0.05,0.05,0.05,0.05,0.05,0.05,0.05,0.05,0.05,0.05,0.05,0.05,0.049999999999999996,0.049999999999999996,0.049999999999999996,0.049999999999999996,0.049999999999999996
92,0.05,0.05,0.05,0.05,0.05,0.05,0.05,0.05,0.05,0.05,0.05,0.05,0.05,0.05,0.05,0.05,0.04999999999999999,0.04999999999999999,0.04999999999999999,0.04999999999999999
93,0.05000000000000002,0.05000000000000002,0.05000000000000002,0.05000000000000002,0.05000000000000002,0.05000000000000002,0.05000000000000002,0.05000000000000002,0.05000000000000002,0.05000000000000002,0.05000000000000002,0.05000000000000002,0.05000000000000002,0.05000000000000002,0.049999999999999996,0.049999999999999996,0.049999999999999996,0.049999999999999996,0.049999999999999996,0.049999999999999996
94,0.05000000000000002,0.05000000000000002,0.05000000000000002,0.05000000000000002,0.05000000000000002,0.05000000000000002,0.05000000000000002,0.05000000000000002,0.05000000000000002,0.05000000000000002,0.05000000000000002,0.05000000000000002,0.05000000000000002,0.05000000000000002,0.05000000000000002,0.049999999999999975,0.049999999999999975,0.049999999999999975,0.049999999999999975,0.049999999999999975
95,0.05000000000000002,0.05000000000000002,0.05000000000000002,0.05000000000000002,0.05000000000000002,0.05000000000000002,0.05000000000000002,0.05000000000000002,0.05000000000000002,0.05000000000000002,0.05000000000000002,0.05000000000000002,0.05000000000000002,0.05000000000000002,0.04999999999999998,0.04999999999999998,0.04999999999999998,0.04999999999999998,0.04999999999999998,0.04999999999999998
96,0.05,0.05,0.05,0.05,0.05,0.05,0.05,0.05,0.05,0.05,0.05,0.05,0.05,0.05,0.05,0.050000000000000024,0.050000000000000024,0.050000000000000024,0.050000000000000024,0.050000000000000024
97,0.05,0.05,0.05,0.05,0.05,0.05,0.05,0.05,0.05,0.05,0.05,0.05,0.05,0.05,0.05,0.05,0.05,0.05,0.05,0.05
98,0.04999999999999999,0.04999999999999999,0.04999999999999999,0.04999999999999999,0.04999999999999999,0.04999999999999999,0.04999999999999999,0.04999999999999999,0.04999999999999999,0.04999999999999999,0.04999999999999999,0.04999999999999999,0.04999999999999999,0.04999999999999999,0.04999999999999999,0.04999999999999999,0.04999999999999999,0.04999999999999999,0.04999999999999999,0.04999999999999999
99,0.05,0.05,0.05,0.05,0.05,0.05,0.05,0.05,0.05,0.05,0.05,0.05,0.05,0.05,0.05,0.05,0.05,0.05,0.05,0.05
100,0.04999999999999999,0.04999999999999999,0.04999999999999999,0.04999999999999999,0.04999999999999999,0.04999999999999999,0.04999999999999999,0.04999999999999999,0.04999999999999999,0.04999999999999999,0.04999999999999999,0.049999999999999996,0.04999999999999999,0.04999999999999999,0.04999999999999999,0.04999999999999999,0.04999999999999999,0.05000000000000001,0.05000000000000001,0.05000000000000001
101,0.05000000000000001,0.05000000000000001,0.05000000000000001,0.05000000000000001,0.05000000000000001,0.05000000000000001,0.05,0.05000000000000001,0.05000000000000001,0.05000000000000001,0.05000000000000001,0.05000000000000001,0.05000000000000001,0.05000000000000001,0.05000000000000001,0.05000000000000001,0.04999999999999996,0.04999999999999996,0.04999999999999996,0.04999999999999996
102,0.05,0.05,0.05,0.05,0.05,0.05,0.05,0.05,0.05,0.05,0.05,0.05,0.05,0.05,0.05,0.049999999999999996,0.049999999999999996,0.049999999999999996,0.049999999999999996,0.049999999999999996
103,0.05,0.05,0.05,0.05,0.05,0.05,0.05,0.05,0.05,0.05,0.05,0.05,0.05,0.05,0.05,0.05,0.05000000000000001,0.05000000000000001,0.05000000000000001,0.05000000000000001
104,0.05000000000000002,0.05000000000000002,0.05000000000000001,0.05000000000000002,0.05000000000000002,0.05000000000000002,0.05000000000000002,0.05000000000000002,0.05000000000000002,0.05000000000000002,0.05000000000000002,0.05000000000000002,0.05000000000000002,0.05000000000000002,0.05000000000000002,0.04999999999999999,0.04999999999999999,0.04999999999999999,0.04999999999999999,0.04999999999999999
